alegre,1
alegria,1
alegremente,1
entretenido,1
entretenidamente,1
entretuve,1
entretenia,1
calmado,1
calmadamente,1
calma,1
incentivado,1
incentivamente,1
incentivaba,1
amistoso,1
amistad,1
amistosamente,1
ilusionado,1
ilusionadamente,1
ilusionante,1
ilusion,1
inspirado,1
inspiracion,1
insipirante,1
inspiradamente,1
esperanzado,1
esperanza,1
esperanzadamente,1
abierto,1
abiertamente,1
en paz,1
pacificamente,1
pacifico,1
sonriente,1
sonrei,1
animado,1
animo,1
divertido,2
divertidamente,2
diversion,2
fascinado,2
fascinadamente,1
entusiasmado,2
realizado,2
realizadamente,2
contento,2
contentamente,2
regocijado,2
regocijadamente,2
gratificado,2
gratificante,2
gratificadamente,2
gratificacion,2
feliz,2
felizmente,2
autoestima,2
saludable,2
saludablemente,2
festivo,2
festivamente,2
vivaz,2
vivazmente,2
optimista,2
optimismo,2
jugueton,2
complacido,2
complacidamente,2
orgulloso,2
orgullo,2
orgullosamente,2
rejuvenecido,2
rejuvenecidamente,2
satisfecho,2
satisfaccion,2
satifactoriamente,2
lleno de asombro,3
asombrado,3
asombradamente,3
dichoso,3
dichosamente,3
extatico,3
extasiadamente,3
extasiado,3
egocentrico,3
egocentricamente,3
exultante,3
exultantemente,3
embelesado,3
embelesadamente,3
euforico,3
euforicamente,3
exhilarante,3
exhilarantemente,3
jubiloso,3
jubilosamente,3
frenetico,3
freneticamente,3
deleitado,3
deleitadamente,3
radiante,3
radiantemente,3
entusiasta,3
entusiasmadamente,3
entusiasmado,3
engrandecido,3
engradecidamente,3
emocionado,3
emocionadamente,3
