Alerta,1
Alertamente,1
Aprensivo ,1
Aprensivamente,1
Cauto,1
Cautivamente,1
Preocupado,1
Preocupadamente,1
Confundido,1
Confundidamente,1
Desconcertado,1
Desconcertadamente,1
Desorientado,1
Desorientadamente,1
Intranquilo,1
Intranquilamente,1
Inquieto,1
Inquietamente,1
Desasosegado,1
Desasosegadamente,1
Titubeante,1
Titubeantemente,1
Indeciso,1
Indecisamente,1
Inseguro,1
Inseguramente,1
Instintivo,1
Instintivamente,1
Absorto,1
Absortamente,1
Timido,1
Timidamente,1
Alborotado,1
Alborotadamente,1
Atento,1
Atentamente,1
Amenazado,1
Amenazadamente,1
Cohibido,1
Cohibidamente,1
Asustado,2
Asustadamente,2
Alarmado,2
Alarmadamente,2
Ansioso,2
Ansiosamente,2
Desconfiado ,2
Desconfiadamente,2
Miedoso,2
Miedosamente,2
Asustadizo,2
Asustadizamente ,2
Nervioso,2
Nerviosamente,2
Perturbante,2
Perturbado,2
Exaltadamente,2
Exaltado,2
Sobresaltado,2
Alteradamente,2
Alterado,2
Precavidamente,2
Precavido,2
Preocupadamente,2
Preocupado,2
Tensamente,2
Tenso,2
Evitativamente,2
Evitativo,2
Encogidamente,2
Encogido,2
Avergonzadamente,2
Avergonzado,2
Ruborizadamente,2
Ruborizado ,2
Culposamente,2
Culposo,2
Lleno de pavor,3
Horrorizante,3
Horrorizado,3
Aterradamente,3
Aterrado,3
Paralizadamente,3
Paralizado,3
Apanicadamente,3
Apanicado,3
Petrificantemente,3
Petrificado,3
Conmocionadamente,3
Conmocionado,3
Aterrorizadamente,3
Aterrorizado,3
Intimidado,3
Culpable,3
Culpablemente ,3
